16:35:34,555
16:35:35,555
16:36:44,554
16:36:45,554
16:37:54,555
16:37:55,555
16:39:4,555
16:39:5,555
16:40:14,554
16:40:15,554
16:41:24,554
16:41:25,554
16:42:34,554
16:42:35,554
16:43:44,554
16:43:45,554
16:44:55,554
16:44:55,554
16:46:5,554
16:46:5,554
16:47:15,554
16:47:15,554
16:48:25,555
16:48:25,555
16:49:35,554
16:49:35,554
16:50:45,554
16:50:45,554
16:51:55,555
16:51:55,555
16:53:5,554
16:53:5,554
16:54:15,554
16:54:15,554
16:55:25,555
16:55:25,555
16:56:35,554
16:56:35,554
16:57:45,554
16:57:45,554
16:58:55,555
16:58:55,555
17:0:5,555
17:0:5,555
17:1:15,554
17:1:15,554
17:2:25,554
17:2:25,554
17:3:35,555
17:3:36,555
17:4:45,555
17:4:46,555
17:5:55,555
17:5:56,555
17:7:5,554
17:7:6,554
17:8:15,555
17:8:16,555
17:9:25,554
17:9:26,554
17:10:35,554
17:10:36,554
17:11:45,554
17:11:46,554
17:12:55,554
17:12:56,554
17:14:5,554
17:14:6,554
17:15:15,554
17:15:16,554
17:16:25,554
17:16:26,554
17:17:35,554
17:17:36,554
17:18:45,554
17:18:46,554
17:19:55,554
17:19:56,554
17:21:5,554
17:21:6,554
17:22:15,554
17:22:16,554
17:23:26,554
17:23:26,554
17:24:36,554
17:24:36,554
17:25:46,554
17:25:46,554
17:26:56,554
17:26:56,554
17:28:6,555
17:28:6,555
17:29:16,554
17:29:16,554
17:30:26,554
17:30:26,554
17:31:36,554
17:31:36,554
17:32:46,554
17:32:46,554
17:33:56,554
17:33:56,554
17:35:6,554
17:35:6,554
17:36:16,554
17:36:16,554
17:37:26,554
17:37:26,554
17:38:36,554
17:38:36,554
17:39:46,554
17:39:46,554
17:40:56,554
17:40:56,554
17:42:6,554
17:42:6,554
17:43:16,554
17:43:16,554
17:44:26,554
17:44:26,554
17:45:36,554
17:45:36,554
17:46:46,554
17:46:47,554
17:47:56,554
17:47:57,554
17:49:6,554
17:49:7,554
17:50:16,554
17:50:17,554
17:51:26,554
17:51:27,554
17:52:36,554
17:52:37,554
17:53:46,554
17:53:47,554
17:54:56,554
17:54:57,554
17:56:6,554
17:56:7,554
17:57:16,554
17:57:17,554
17:58:26,554
17:58:27,554
17:59:36,554
17:59:37,554
18:0:46,554
18:0:47,554
18:1:56,554
18:1:57,554
18:3:6,554
18:3:7,554
18:4:16,554
18:4:17,554
18:5:26,554
18:5:27,554
18:6:36,554
18:6:37,554
18:7:46,554
18:7:47,554
18:8:56,554
18:8:57,554
18:10:6,554
18:10:7,554
18:11:16,554
18:11:17,554
18:12:27,554
18:12:27,554
18:13:37,554
18:13:37,554
18:14:47,555
18:14:47,555
18:15:57,554
18:15:57,554
18:17:7,554
18:17:7,554
18:18:17,554
18:18:17,554
18:19:27,554
18:19:27,554
18:20:37,554
18:20:37,554
18:21:47,554
18:21:47,554
18:22:57,554
18:22:57,554
18:24:7,554
18:24:7,554
18:25:17,554
18:25:17,554
18:26:27,554
18:26:27,554
18:27:37,554
18:27:37,554
18:28:47,554
18:28:47,554
18:29:57,554
18:29:57,554
18:31:7,554
18:31:7,554
18:32:17,554
18:32:17,554
18:33:27,554
18:33:27,554
18:34:37,554
18:34:37,554
18:35:47,554
18:35:47,554
18:36:57,554
18:36:57,554
18:38:7,554
18:38:7,554
18:39:17,554
18:39:17,554
18:40:27,554
18:40:27,554
18:41:37,554
18:41:37,554
18:42:47,554
18:42:47,554
18:43:57,554
18:43:57,554
18:45:7,554
18:45:8,554
18:46:17,554
18:46:18,554
18:47:27,554
18:47:28,554
18:48:37,554
18:48:38,554
18:49:47,554
18:49:48,554
18:50:57,554
18:50:58,554
18:52:7,554
18:52:8,554
18:53:17,554
18:53:18,554
18:54:27,554
18:54:28,554
18:55:37,554
18:55:38,554
18:56:47,554
18:56:48,554
18:57:57,554
18:57:58,554
18:59:7,554
18:59:8,554
19:0:17,554
19:0:18,554
19:1:27,554
19:1:28,554
19:2:37,554
19:2:38,554
19:3:47,554
19:3:48,554
19:4:57,554
19:4:58,554
19:6:7,554
19:6:8,554
19:7:17,554
19:7:18,554
19:8:27,554
19:8:28,554
19:9:37,554
19:9:38,554
19:10:47,554
19:10:48,554
19:11:57,554
19:11:58,554
19:13:7,554
19:13:8,554
19:14:17,554
19:14:18,554
