18:14:6,522
18:14:7,522
18:15:16,522
18:15:17,522
18:16:26,521
18:16:27,521
18:17:36,513
18:17:37,513
18:18:47,515
18:18:47,515
18:19:57,515
18:19:57,515
18:21:7,515
18:21:7,515
18:22:17,514
18:22:17,514
18:23:27,514
18:23:27,514
18:24:37,514
18:24:37,514
18:25:47,513
18:25:47,513
18:26:57,513
18:26:57,513
18:28:7,513
18:28:7,513
18:29:17,513
18:29:17,513
18:30:27,512
18:30:27,512
18:31:37,512
18:31:38,512
18:32:47,512
18:32:48,512
18:33:57,512
18:33:58,512
18:35:7,511
18:35:8,511
18:36:17,511
18:36:18,511
18:37:27,511
18:37:28,511
18:39:47,510
18:39:48,510
18:40:57,510
18:40:58,510
18:42:7,510
18:42:8,510
18:43:17,510
18:43:18,510
18:44:27,510
18:44:28,510
18:45:37,510
18:45:38,510
18:46:47,510
18:46:48,510
18:47:57,510
18:47:58,510
18:49:8,510
18:49:8,510
18:50:18,510
18:50:18,510
18:51:28,510
18:51:28,510
18:52:38,510
18:52:38,510
18:53:48,510
18:53:48,510
18:54:58,510
18:54:58,510
18:56:8,510
18:56:8,510
18:57:18,510
18:57:18,510
18:58:28,509
18:58:28,509
18:59:38,509
18:59:38,509
19:0:48,509
19:0:48,509
19:1:58,509
19:1:58,509
19:3:8,509
19:3:8,509
19:4:18,509
19:4:18,509
19:5:28,510
19:5:28,510
19:6:38,509
19:6:38,509
19:7:48,509
19:7:48,509
19:8:58,509
19:8:58,509
19:10:8,509
19:10:8,509
19:11:18,509
19:11:18,509
19:12:28,509
19:12:28,509
19:13:38,509
19:13:38,509
19:14:48,509
19:14:48,509
19:15:58,509
19:15:59,509
19:17:8,509
19:17:9,509
